Use DB_SE_EngineerWS;
Go

Insert Into Roles (name) Values
('engineer');
Go

Insert Into Users (login, password, role, name) Values
('111', '111111', 1, 'test');
Go


Insert Into Family (name) Values
('Пастеризаторы'),
('Размораживатели'),
('Такси'),
('Тележки');
Go

Insert Into Product (name, family) Values
('ПС 100', 'Пастеризаторы'),
('РМ статик', 'Размораживатели'),
('ТМ 100', 'Такси'),
('Т 100', 'Тележки'),
('ПС 250', 'Пастеризаторы'),
('РМ качалка', 'Размораживатели'),
('ТМП 200', 'Такси'),
('Т 150', 'Тележки'),
('ПС 500', 'Пастеризаторы'),
('РМ барабан', 'Размораживатели'),
('ТМПЭ 300', 'Такси'),
('Т 250', 'Тележки');
Go

Insert Into Component (name, code, grade, thickness, folds, weightKG, note, material) Values
('Крышка панели с пультом', '01.00.001', 'aisi', 1.5, 0, 10, '+плёнка', default),
('Корпус ПС 100', '01.00.002', 'aisi', 2, 0, 12, '+плёнка', default),
('Корпус ПС 200', '01.00.003', 'aisi', 2.5, 0, 14, '', default),
('Корпус ПС 300', '01.00.004', 'aisi', 3, 1, 1.6, '', default),
('Корпус ТМ 100', '01.00.005', 'aisi', 3.5, 1, 1.8, '+плёнка', default),
('Корпус ТМ 250', '01.00.006', 'aisi', 4, 0, 2, '+плёнка', default),
('Панель РМ 25', '01.00.007', 'aisi', 4.5, 0, 22, '', default),
('Корпус РМ 45', '01.00.008', 'aisi', 5, 2, 24, '', default),
('Корпус лицо СМОМ', '01.00.009', 'aisi', 5.5, 2, 26, 'гравировка', default),
('Корпус зад СМОМ', '01.00.010', 'aisi', 6, 0, 2.8, 'гравировка', default),
('Корпус периметр СМОМ', '01.00.011', 'aisi', 6.5, 0, 3, '', default),
('База тележка Т 100', '01.00.012', 'aisi', 7, 3, 3.2, '', default),
('Порог тележки Т 100', '01.00.013', 'aisi', 7.5, 3, 34, '+плёнка', default),
('Каркас забора', '01.00.014', 'aisi', 8, 0, 36, 'гравировка', default),
('Стенки забора', '01.00.015', 'aisi', 8.5, 0, 38, '+плёнка', default);
Go

Insert Into Structure (product, component, count) Values
('ПС 100', 'Корпус ПС 100', 1),
('ПС 250', 'Корпус ПС 200', 1),
('ТМП 200', 'Корпус ПС 200', 1),
('ПС 100', 'Крышка панели с пультом', 1),
('ПС 250', 'Крышка панели с пультом', 1),
('ТМП 200', 'Крышка панели с пультом', 1),
('РМ качалка', 'Корпус РМ 45', 1);
Go